{"cameraMode":{"drawMode":0,"name":"Shaded","section":"Shading Mode"},"sceneLighting":true,"audioPlay":false,"sceneViewState":{"m_AlwaysRefresh":false,"showFog":true,"showSkybox":true,"showFlares":true,"showImageEffects":true,"showParticleSystems":true,"showVisualEffectGraphs":true,"m_FxEnabled":true},"in2DMode":false,"pivot":{"x":-11.68777084350586,"y":15.409217834472657,"z":-29.613849639892579},"rotation":{"x":0.059954699128866199,"y":-0.4160447418689728,"z":0.02750581130385399,"w":0.9071287512779236},"size":6.062177658081055,"orthographic":false}